{
  "maintainers": [
    {
      "github_username": "jrdnull",
      "show_on_website": false,
      "alumnus": false,
      "name": null,
      "bio": null,
      "link_text": null,
      "link_url": null,
      "avatar_url": null
    },
    {
      "github_username": "petemcfarlane",
      "show_on_website": false,
      "alumnus": false,
      "name": null,
      "bio": null,
      "link_text": null,
      "link_url": null,
      "avatar_url": null
    },
    {
      "github_username": "Dog",
      "show_on_website": false,
      "alumnus": false,
      "name": null,
      "bio": null,
      "link_text": null,
      "link_url": null,
      "avatar_url": null
    }
  ],
  "docs_url": "https://github.com/exercism/docs/blob/master/maintaining-a-track/maintainer-configuration.md"
}
