{
  "docs_url": "https://github.com/exercism/docs/blob/master/maintaining-a-track/maintainer-configuration.md",
  "maintainers": [
    {
      "alumnus": false,
      "avatar_url": null,
      "bio": null,
      "github_username": "patricksjackson",
      "link_text": null,
      "link_url": null,
      "name": null,
      "show_on_website": false
    },
    {
      "alumnus": false,
      "avatar_url": null,
      "bio": null,
      "github_username": "LegalizeAdulthood",
      "link_text": null,
      "link_url": null,
      "name": null,
      "show_on_website": false
    }
  ]
}